"","AUC","COR","MaxKappa","TSS"
"GAM",0.804987284407041,0.525136661375273,0.51705565529623,0.51705565529623
"MaxEnt",0.877267936399473,0.659929652121008,0.610412926391382,0.610412926391382
"BRT",0.93408359092213,0.637506906288416,0.750448833034111,0.750448833034111
"Ensemble",0.887485535811558,0.668629273162982,0.621184919210054,0.621184919210054
