,AUC,COR,MaxKappa,TSS
GAM,0.86612205,0.637900249,0.583482944,0.583482944
MaxEnt,0.915611332,0.725142384,0.692998205,0.692998205
BRT,0.953509923,0.668691541,0.780969479,0.780969479
Ensemble,0.922354303,0.725114317,0.701974865,0.701974865